id,product_id,image_source
1,445,https://c.dns-shop.ru/thumb/st4/fit/500/500/9c5f2422d0e6b504900c307270d98017/66024e33e8aecea6e7cfda7a896505d43d7c699c6c0c0619db7f99dc44c96d8a.jpg.webp
2,446,https://yandex-images.clstorage.net/xAJB56080/957241MPRrX/yIQ6rFZ59--4liCqnX4BVQD8k5AyunmvX7vat0tq1P25dqTZR-IOUOMEt3rrRjaiFWTbaf_Ut8MhT719Gu1LhloT_yoXafd_rYdkrF6_xBOVfxSTcjOl5Ja2Rr1GpY50tvKkSRD3HFUy1a6m78zq_odyjXukxakXpZ99Igxw1lbFVi9y2n68Y7JU7bKctQZOAvCeEP_1IG1Y88d3Q68CNTw6YIeT-lOEetzo6_REb3RJO8o4rMhnXOMYeG7M8FWaChni85U2tq99USCznDrHj0D3m9A4NuNmUnTKdgqthH199miCF_UXzzvcqCe6wy-0wDiN9ONLL1gsWToiSzYVnw2Q6_RVP7qosJ8k9156TEpLPB2aPvSv5hX-QbzBq4V0NnjhB5d7lwV4EKng8czi-o19SrHrSevZaFg9rU-1VlDIU-16nvE54H1WJvQe8ovLiLRWWnJ87y2fN4V4B-LNvT-xL8YS9NqD_x7qq3ZEKD3MeUT2Z4TnUeLRPm2Dfh4ezhyv_x21NeJ71Kz023kDjAT_EhM5PypuGzxDcoxtRf47NWXPVXtUSD7VLWh2BGP6SzLOvKXK4xhpWbojjTxV0YEU6jxaun_u_Nvls5O1iYsNed6bdnFrIp33hzVDJEP1eTwkzJg714NyGmtgPcIp-wu0xzwvBGFfLdmyakM92ZcFlOH7nT3-JvoTZfCXdoyDg7FTGzu452cev8K9RCcDt_U0bozXfZeI99Uh4H2KrzIL9M_-rMxnE2sWceHC_ZVeytavORT1-ei9H-ZwX7rGCk-9XZ9x-GQn2zeNPcJjSr20OWzIkPARxHeWo2g1hCuwTbVM-WpJbJYh33apSnlU0UfZI_3cMHvmPVuu-pg5SQIOdF2Ydvzh5dQ0Sj4CrsQ1fPVoiZ-83ED_0CQiuY7ofwywi_3vxOncp5S96US0ldkE2WP3XPa87D3f77LVtocKhbXa2zY3Y2mSd8SySk
3,447,https://c.dns-shop.ru/thumb/st1/fit/500/500/663a48ab8ef85417af0d9f59301200cf/e1f1c48d5607d6ec39a82dc99a627967ca313517e0b4230a3f0a4500d5efab14.jpg.webp
4,448,https://c.dns-shop.ru/thumb/st1/fit/500/500/86fe7ae6cbcf8f19c91077d9c3e70919/34a4fa54252ee3248ead64c707d31f9227591a576e43cdf038f4a866938d8414.jpg.webp
5,449,https://c.dns-shop.ru/thumb/st4/fit/500/500/9c5f2422d0e6b504900c307270d98017/66024e33e8aecea6e7cfda7a896505d43d7c699c6c0c0619db7f99dc44c96d8a.jpg.webp
6,450,https://c.dns-shop.ru/thumb/st1/fit/500/500/e2b4f416caf0079beccf359661a9d15c/193e46319e80f3ff9e6ba5b0a5594fa3e81d9e12203c060bb68a2682bcb3a9d8.jpg.webp
7,451,https://c.dns-shop.ru/thumb/st1/fit/500/500/0d13b952ec6cf32fe10195ffd424f32f/a7aec036294687f82b84e2d5685cad78a34659e5ff2c5190d816f9983da0a86d.jpg.webp
8,452,https://c.dns-shop.ru/thumb/st1/fit/500/500/0a8dd594bb724a65131f9b608b1df1e3/500672f4676e9cee7d3b248a4195f538c7f77f4d5f30577dc9923b08b61b8d7c.jpg.webp
9,453,https://c.dns-shop.ru/thumb/st1/fit/500/500/23b1bf0d4a551b36bc502f935461ea01/894be0456207386b3ab6051e5b8178c1ba50187fa162afd045e5f05201424497.jpg.webp
10,454,https://c.dns-shop.ru/thumb/st1/fit/500/500/713b6e52b5f7cec7a2a473dc1e9e8279/c10838eeb326bcc5c1113bd150dad8a84e5d87259103375603b1e55955e5d9fc.jpg.webp
11,455,https://c.dns-shop.ru/thumb/st1/fit/500/500/23b1bf0d4a551b36bc502f935461ea01/894be0456207386b3ab6051e5b8178c1ba50187fa162afd045e5f05201424497.jpg.webp
12,456,https://c.dns-shop.ru/thumb/st1/fit/500/500/20581ff613d6dbbd7ba10c230a9ebe85/d7cea78c14e3976ba5e58bde69d2e86f11219b1ac5079389d7af36a39a6bd8b5.jpg.webp
13,457,https://c.dns-shop.ru/thumb/st1/fit/500/500/25023dfbbd9ba864f7f4f07336cfdb71/2d6b6eb15ef7313819760aa01a9936774c21f35f89fe45dcb7d6b0020d55f6aa.jpg.webp
14,458,https://c.dns-shop.ru/thumb/st1/fit/500/500/5c1f02f7a33959d5c6be5d0e7295ff0c/a6d174844274bb77523de32bf10e4124c6d3bcb97b14487416a89fdcdf1951f9.jpg.webp
15,459,https://c.dns-shop.ru/thumb/st1/fit/500/500/9976ceee03a4201f8b3ff24d47b834c9/295959a476d84e08b6fc5b919f1e38a37e73d36ec58374519732a3328a4071f1.jpg.webp
16,460,https://c.dns-shop.ru/thumb/st1/fit/500/500/1168cc24b27627ce4019a54712b37306/f8a2938e67bf5b1e62e77958f84e91b0a109dc24cdc002d3e41dca48f47e0d9f.jpg.webp
17,461,https://c.dns-shop.ru/thumb/st1/fit/500/500/b6a3e13eb5c6c90925ca96550751dd6a/ba7470e488d21de557507445fafcd9388c6fe1521704b0226f521773ea66b854.jpg.webp
18,462,https://c.dns-shop.ru/thumb/st1/fit/500/500/f053009f2d1064cea4151a19b49ae28f/20ec86b12b3b4f13513623753b2e01b09112cc9c3f271c8bc91b36aef73c57e8.jpg.webp
19,463,https://c.dns-shop.ru/thumb/st4/fit/500/500/d73f4440148dc61a373836da5ab65cef/d406f77af7f4e554122d4850c81708ac78ea5a68418337085f14b19de1c0f9b6.jpg.webp
20,464,https://c.dns-shop.ru/thumb/st1/fit/500/500/591ab295882186e24d943addab4afd7c/83f597143ab90810843b2e93d3e11e3ed6163472c0bb8c66c6ccb7c9a534ba2d.jpg.webp
21,465,https://c.dns-shop.ru/thumb/st1/fit/500/500/4143c10fb0de3eacc0c74546269357db/7bbf4cc4d03858566a46df9e22ba2840ab5338687c3d38e7624a95050bca129c.jpg.webp
22,466,https://c.dns-shop.ru/thumb/st1/fit/500/500/f834a5c93a0931c44555a25bcff54bb2/d6d9a7b91b58d606a466c9ee7cc5fd11536ef52f93e892d85d8cccead8df6946.jpg.webp
23,467,https://c.dns-shop.ru/thumb/st1/fit/500/500/23b1bf0d4a551b36bc502f935461ea01/894be0456207386b3ab6051e5b8178c1ba50187fa162afd045e5f05201424497.jpg.webp
24,468,https://c.dns-shop.ru/thumb/st1/fit/500/500/476118611e9d9509b64cf6a64440c7c6/31b6939a614b559c61bf17e9809ff6412a61dd2f3aaa044919249278452f0107.jpg.webp
25,469,https://c.dns-shop.ru/thumb/st1/fit/500/500/009b36e2754d4647233ae3e45d000bfc/7327497765d28e14666d670cc013197df9cfb7506eff024754da23716ba6d913.jpg.webp
26,470,https://c.dns-shop.ru/thumb/st1/fit/500/500/0100434c9a92e95300a01503bf5d93a5/df1cee0a54f68b7251d33fa4a620e38c371f1ac8a858bc7f663d72bf5267db90.jpg.webp
27,471,https://c.dns-shop.ru/thumb/st1/fit/500/500/25b38f37c539196fbeef92373a2c0138/661c9c564d374704b107748be89724adbc21e7d624a1c505c70ff12c0a44977c.jpg.webp
28,472,https://c.dns-shop.ru/thumb/st1/fit/500/500/1168cc24b27627ce4019a54712b37306/f8a2938e67bf5b1e62e77958f84e91b0a109dc24cdc002d3e41dca48f47e0d9f.jpg.webp
29,473,https://c.dns-shop.ru/thumb/st1/fit/500/500/0d13b952ec6cf32fe10195ffd424f32f/a7aec036294687f82b84e2d5685cad78a34659e5ff2c5190d816f9983da0a86d.jpg.webp
30,474,https://c.dns-shop.ru/thumb/st1/fit/500/500/ab5d146fd15b237975ca8c2deab36411/aab69dbc4cec6ef76559748f440d2e4b6973347ae29fabf5f898dff9fb2297a1.jpg.webp
31,475,https://c.dns-shop.ru/thumb/st4/fit/500/500/c3aa2b6692ceca52cdb61ddb6f730b89/3a6a710235a7d28bf6ca67ad60cfac5d9fc724bb1e3d368b5d22a6294684f83e.jpg.webp
32,476,https://c.dns-shop.ru/thumb/st1/fit/500/500/d3e9fad228b20d41622a7f25e0d12ceb/847534ddba18a9ccbc0a580b1436a5221536ba5e9964cf192a11406b374de043.jpg.webp
33,477,https://c.dns-shop.ru/thumb/st1/fit/500/500/f6ad6a3bd4400057c91a4388a6dd37e5/c0e6990732ee58c020fb683db426aa0ed3f9427ea9814b44ab7c633f63aa4c59.jpg.webp
34,478,https://c.dns-shop.ru/thumb/st4/fit/500/500/cbb0793b2fee37366688646d1fa486aa/d8ef162ac2eb15c2171fcc2b847400c6c30b3f74c371da51cbe269dd6e6df4aa.jpg.webp
35,479,https://c.dns-shop.ru/thumb/st4/fit/500/500/3404889d5c2dbf6bf321ae6804795597/4bc101d94b78928a8b4d9ce54ee9cf93a2481610322a4d0f164602602c7d62e9.jpg.webp
36,480,https://c.dns-shop.ru/thumb/st1/fit/500/500/b2b3194a2c367a980c8f209ebb901dce/1d49ba0eb40a362b587d05a1b3ab503fb1dbd76b82397f9cddc9eee106568bf5.jpg.webp
37,481,https://c.dns-shop.ru/thumb/st4/fit/500/500/c3aa2b6692ceca52cdb61ddb6f730b89/3a6a710235a7d28bf6ca67ad60cfac5d9fc724bb1e3d368b5d22a6294684f83e.jpg.webp
38,482,https://c.dns-shop.ru/thumb/st1/fit/500/500/7b9768b7884c81d81589c1eca5b642c5/1267cdde4d87f1f6a0397b78ec48ff217b96848796496511687bff8058587e60.jpg.webp
39,483,https://c.dns-shop.ru/thumb/st1/fit/500/500/eb2952ac900f42c6efb55b99d5622938/e8ddc0e4c433dbc8bac1ff8eace93ca4f32aa5f7595afbd515c83e803e22c544.jpg.webp
40,484,https://c.dns-shop.ru/thumb/st1/fit/500/500/1168cc24b27627ce4019a54712b37306/f8a2938e67bf5b1e62e77958f84e91b0a109dc24cdc002d3e41dca48f47e0d9f.jpg.webp
41,485,https://c.dns-shop.ru/thumb/st4/fit/500/500/27d1de14750e8a126cc0b091c0d907eb/a2aff240138a83835eb58807e98dcc666b8d53c042ba047ad5d43454634067e4.jpg.webp
42,486,https://c.dns-shop.ru/thumb/st1/fit/500/500/0100434c9a92e95300a01503bf5d93a5/df1cee0a54f68b7251d33fa4a620e38c371f1ac8a858bc7f663d72bf5267db90.jpg.webp
43,487,https://c.dns-shop.ru/thumb/st1/fit/500/500/6df75bf1def768f5fd8ce33b8fe37370/00773421f34969d2e6e0296868ba7e98f9bb77c0063ddacac2c776b496cdd6d9.jpg.webp
44,488,https://c.dns-shop.ru/thumb/st1/fit/500/500/a674b95f44ac995f461223ceade61dc9/4e83c4c06754b83de72a75c75598aa1810690d84345c32beaeac4d8b456a33da.jpg.webp
45,489,https://c.dns-shop.ru/thumb/st1/fit/500/500/4a9a924b194e308b684db3a1761e11fe/2d3d5427c1c2ef9da03d095ebf6eb4d316f39bfe634c8f04bd649fd828803800.jpg.webp
46,490,https://c.dns-shop.ru/thumb/st4/fit/500/500/2ca48c33bc6718b2eafd369e69ef5d9c/970c225144c3d9a2ca30ef45ce5cf14dae2cf51c5567152f3b941b5ccc7c6474.jpg.webp
47,491,https://c.dns-shop.ru/thumb/st1/fit/500/500/c0328bf25dd9556939bedf9d2cc91702/739341394a3e2d05aa1e588e96e53f3c49ec9069e986730d5723f2dc5158d5b6.jpg.webp
48,492,https://c.dns-shop.ru/thumb/st4/fit/500/500/fd5b22325e29b54e532813bccbc330c2/191df1b083a52d23b2f679d000f1fdc4bbd3a4bdfccd23129d3c7c921e231085.jpg.webp
49,493,https://c.dns-shop.ru/thumb/st4/fit/500/500/9a7629790f5e6415a557575cf2dae8c2/3a61cbd54b5ec7e12a9566bb151ce75e0778e40196208fccc5b415f6ee9621f8.jpg.webp
50,494,https://c.dns-shop.ru/thumb/st1/fit/500/500/7aa03e43cdd3f490164c8b91724302d1/6f59ad5217aab516fad47315bac0cd0a6606add51e84cbbdeec36bcec2409e20.png.webp
51,495,https://c.dns-shop.ru/thumb/st4/fit/500/500/f158a88f610b0fd8ce8e34d0b48da695/bbeebf5902e896334fb230c49479ac6b0d890861bb45ee70c53eb9b0cf58a6ab.jpg.webp
52,496,https://c.dns-shop.ru/thumb/st4/fit/500/500/8be3e2f04d108b4f8f9bf574406655f5/7c80865de448b9054d6bd5b08dc25df8674ff369065f8a8ce2fc392625bd0ea6.jpg.webp
53,497,https://c.dns-shop.ru/thumb/st1/fit/500/500/05f0d909531bf7d69afb50b4a5273c72/7fe41ad58ad69ff9ac0f9ec906aa8d455c9321104faaf3ae5c88d75816690bec.png.webp
54,498,https://c.dns-shop.ru/thumb/st1/fit/500/500/6d4618f8ffc614cbfac13f3e43cb1591/90fd1bf1fa4743a8f0c029b7842554776f87e3cecb8c6a437d588a73b95f4d16.jpg.webp
55,499,https://c.dns-shop.ru/thumb/st1/fit/500/500/812b0c6325d9b596eb284ddcb3a8e844/86bc0632fb125aa5a7ec17ae73cfe23974d3862c4fbacb18a46e29b559e81985.jpg.webp
56,500,https://c.dns-shop.ru/thumb/st1/fit/500/500/1aa1abf525ce7a9114a2112b3f73f04c/3c22ff3bb18c7e69a4512dbc7a5ce809483b889b593a71d7543a64d9272a81dd.jpg.webp
57,501,https://c.dns-shop.ru/thumb/st4/fit/500/500/5f55d6a8d2c0007a53fb6d611cea8021/f5e3e25ee873734c254c67838ff48d667951117aa0121b99c7ed60d703622cd8.jpg.webp
58,502,https://c.dns-shop.ru/thumb/st4/fit/500/500/172df5244d1f9125aff282e81713250d/2ee51743b3c1d7a80ddbe9ec77f7c96c4809e47e14be6a9ea3215e18e1b6a622.jpg.webp
59,503,https://c.dns-shop.ru/thumb/st1/fit/500/500/4049d22089434eeca9e893582027f33e/d7d3a698ff5ec63b7fbd11fcff6a511066c313072ac03f85dfa6f0eef42ef4aa.jpg.webp
60,504,https://c.dns-shop.ru/thumb/st1/fit/500/500/055335df1dbe878c2f35d6dd6018ed2f/a42a9e584a80195af99d28e00fce8f09baf87c3d1291ad01d157d7c55e2b674e.jpg.webp
61,505,https://c.dns-shop.ru/thumb/st1/fit/500/500/ebb6a813d310240237cbd705ee93d08c/c3cea0db9053eee4edb67d6becd13bc1b724ef71edddbe5f9b6ac95bd98ffc48.jpg.webp
62,506,https://c.dns-shop.ru/thumb/st1/fit/500/500/64ab6b54a5e484c14039e6c6c5cde97d/69a4aa842c6cce2557c9353d7d72f6c44e05a10d115bb02c03bea3da7f2919e1.jpg.webp
63,507,https://c.dns-shop.ru/thumb/st4/fit/500/500/ddc09e46856b2fa856cb32bc8f52099c/8100e0fe8ed7ff452a5b3d809e7c7d9ed155925a487471809cc45e713744bed9.jpg.webp
64,508,https://c.dns-shop.ru/thumb/st1/fit/500/500/7495439002e7da583cd30ca88a007538/d5fde8465992fea66c7775d7a7c462d2f48e197c5ad14b02bfd1325bee1d8114.jpg.webp
65,509,https://c.dns-shop.ru/thumb/st4/fit/500/500/2d929cd83fa3d5c5d8ae0b0dac4e7636/349e4b32c24c2d0f5111c5b63041da0dd95a07a5965d0ab63049a788b2236666.jpg.webp
66,510,https://c.dns-shop.ru/thumb/st4/fit/500/500/fb260da370067ee4a929709b77d8e0d7/53d365785cf2e93358f461725247c8b1b41668729511906d34741713ba14e704.jpg.webp
67,511,https://c.dns-shop.ru/thumb/st1/fit/500/500/53cc57d82282a4492d42060995fb19d7/41c22b299255eefbafc195c3da358a629ce1bc8c5282a18450ac3484f5293d65.jpg.webp
68,512,https://c.dns-shop.ru/thumb/st1/fit/500/500/ed7251fae576a181d704dbb09c244d2e/c23a6f309e02379eed7903db6b9078ef83311ab67ef85e22cf9c36c768f59ac2.jpg.webp
69,513,https://c.dns-shop.ru/thumb/st1/fit/500/500/bc665fee70c6aaeb98a90820f72fbd68/6d3979726c5af243248d46919cebf52be5a0037830cba4094651d63d71f10cca.jpg.webp
70,514,https://c.dns-shop.ru/thumb/st4/fit/500/500/1f6058c4711cf54e4f76210dc0d521de/923c2be60cfd72de7906f3c654d78c880ebec785c7d62041b4bb7713f33acf36.jpg.webp
71,515,https://c.dns-shop.ru/thumb/st4/fit/500/500/20e51e0980baba758fc43c72e1e2b0ab/fd2b42805d13bf4fb57d8679784bdb52297a4e34b58afdf0078986dc66730b77.jpg.webp
72,516,https://c.dns-shop.ru/thumb/st4/fit/500/500/76c88873703196489bf5cc701aeb7c6b/015aec4a29dcd61b5f061977c67ca3d0001457329ea1a626ea124ab8e9bac197.jpg.webp
73,517,https://c.dns-shop.ru/thumb/st1/fit/500/500/48614462764c846ee8cdc1fdf2f9cd98/46cf723caa2c379671a9a2fee37ed1c17d5d69c31d2dc91233c1dc5183f90d57.jpg.webp
74,518,https://c.dns-shop.ru/thumb/st4/fit/500/500/32635144b0b201b030bc36ddf19d8616/a60d568636c393c611792fb99f68dd97fb6fe3de90e8bd6f085c7c321e9e32b0.jpg.webp
75,519,https://c.dns-shop.ru/thumb/st1/fit/500/500/bc665fee70c6aaeb98a90820f72fbd68/6d3979726c5af243248d46919cebf52be5a0037830cba4094651d63d71f10cca.jpg.webp
76,520,https://c.dns-shop.ru/thumb/st1/fit/500/500/06bdc235bbe51a48e1f18cfc24b13fe8/21710eef867ff64926ea00b038ebe47117d2532f30cea51227bf9ac06561ec68.jpg.webp
77,521,https://c.dns-shop.ru/thumb/st1/fit/500/500/3c2bcaf9b0ff4e1b543034877c53e072/1edbd2efc63d2a9743d485662dbf9abe2934463b0789ebbafc2bccf103e18dbf.jpg.webp
78,522,https://c.dns-shop.ru/thumb/st1/fit/500/500/0212502a72da2f66ae1d6b3776b1bc5b/c425eafcc9d80f6391400f001b92a78870e26606f1c1bb5d9285b83793011cc0.jpg.webp
79,523,https://c.dns-shop.ru/thumb/st4/fit/500/500/5e3a7cdff18dc1c035653e400f851374/76a3538dd198f27a37b4fd02a74bb6bfa0c3b809a5795a0ff87f60b1b9ef23a2.jpg.webp
80,524,https://c.dns-shop.ru/thumb/st4/fit/500/500/41c0678f76a1b36e262b5b016216b186/200e4a08e74afcc3cf1d54d47b758cbbf14c71973a64009553347d2b234b5af4.jpg.webp
81,525,https://c.dns-shop.ru/thumb/st4/fit/500/500/41c0678f76a1b36e262b5b016216b186/200e4a08e74afcc3cf1d54d47b758cbbf14c71973a64009553347d2b234b5af4.jpg.webp
82,526,https://c.dns-shop.ru/thumb/st1/fit/500/500/94ae7b50a2e8c8bf789166e553b224e2/640fab1d67426044aa18c604a14793a8e6b9722654a1d38f3930e2f759f41154.jpg.webp
83,527,https://c.dns-shop.ru/thumb/st1/fit/500/500/b840c3cc14fdc21694e06cb11ea244fa/2be30add633ca3bbfb31fbedac61071833fcb5311690f5f32ca0034561410536.jpg.webp
84,528,https://c.dns-shop.ru/thumb/st4/fit/500/500/b311cefc0ad07ce75b0ed8e2105f4eaa/810879085fab10b5d8a4899787121cf2249364da945a97fef0d50a9f83e29511.jpg.webp
85,529,https://c.dns-shop.ru/thumb/st4/fit/500/500/a82971c60b48db822892b0afabf3738a/d18a3d7014f0c3290bcee6491c444640e8d6456022a06d246e7c9b52864c2ca6.jpg.webp
86,530,https://c.dns-shop.ru/thumb/st1/fit/500/500/bbd0c5d3e3f3e0be8baa9da5019791d3/b30e2bcced439c0edcca23094f0b895f7707f8b2a3ba2fbf844e12dd873794f8.jpg.webp
87,531,https://c.dns-shop.ru/thumb/st1/fit/500/500/b840c3cc14fdc21694e06cb11ea244fa/2be30add633ca3bbfb31fbedac61071833fcb5311690f5f32ca0034561410536.jpg.webp
88,532,https://c.dns-shop.ru/thumb/st1/fit/500/500/d99a038e1ef5cdd0e932639d132211c9/88c5dd69fa58c36a1fca25a87cf6966006d1b2e52faba8b8facb18d48271c2bd.jpg.webp
89,533,https://c.dns-shop.ru/thumb/st4/fit/500/500/67282bfa1ae82b3dce3ce5a79d7b7eb7/44153ecec790a0f0723ea53a2f521b0da148b10265c38b95e01a4dce7bf57dc4.jpg.webp
90,534,https://c.dns-shop.ru/thumb/st4/fit/500/500/f993f002c09086c2909cd5a2cddcda86/3e3dd5a285f6b785b05a754c143a26e42f4b85e0ac8bca212ecabaf3df8cad78.jpg.webp
91,535,https://c.dns-shop.ru/thumb/st4/fit/500/500/f993f002c09086c2909cd5a2cddcda86/3e3dd5a285f6b785b05a754c143a26e42f4b85e0ac8bca212ecabaf3df8cad78.jpg.webp
92,536,https://c.dns-shop.ru/thumb/st1/fit/500/500/7a713832fa7dbb5d85f1ff6167bc91cd/fb9dd6f38545ca0f7243907735cb675b5b0fc3e075d4442d746bf18a58a995f2.jpg.webp
93,537,https://c.dns-shop.ru/thumb/st1/fit/500/500/0894660eb7e63a489a0a5b1b7c2ac930/3a99d0dd3ba26e1e725c31f0d880d374c067782635ceb5313a71bcf0f5888454.jpg.webp
94,538,https://c.dns-shop.ru/thumb/st1/fit/500/500/e76bfc9707ad48cd4e1e291699b138b3/31be5c9ec38705fa2d8bd406d4a539d1c7b1d6f645d5eab06ac943db6ef8e253.jpg.webp
95,539,https://c.dns-shop.ru/thumb/st4/fit/500/500/69270f48dc4efd00df4a0f65a6ca5ab6/cd544c1a7746cb99b220d5c90b1a2107a94a08112077e6015d2040a83afae4c5.jpg.webp
96,540,https://c.dns-shop.ru/thumb/st1/fit/500/500/e76bfc9707ad48cd4e1e291699b138b3/31be5c9ec38705fa2d8bd406d4a539d1c7b1d6f645d5eab06ac943db6ef8e253.jpg.webp
97,541,https://c.dns-shop.ru/thumb/st1/fit/500/500/e76bfc9707ad48cd4e1e291699b138b3/31be5c9ec38705fa2d8bd406d4a539d1c7b1d6f645d5eab06ac943db6ef8e253.jpg.webp
98,542,https://c.dns-shop.ru/thumb/st1/fit/500/500/0ea6f4f4b78b7af2117ac7273386ed23/79458663aec31bf64949401470f3073e6b25dd3053fe9da01aca56ce0923af32.jpg.webp
99,543,https://c.dns-shop.ru/thumb/st4/fit/500/500/48abce36f1f36fa13623afad0ff2e4a7/d6361b46e95af6da5c248e2bd7a7514b8c51eb2395ef42b58ef4db29df6b35ff.jpg.webp
100,544,https://c.dns-shop.ru/thumb/st1/fit/500/500/ac2cad48cdedbe728bf9eccbbfa2f1fc/c82ee48838657bdebc2487fbb270114154dcbea82f8db06b5c1ea151b9a7f6f2.jpg.webp
101,545,https://c.dns-shop.ru/thumb/st1/fit/500/500/f9b37745ab51a8d2289a7d83a78164c7/31c21ef50e63e0df2815c8064bd5ec98eb5c1d2225ce0c8705ccc35765b7a856.jpg.webp
102,546,https://c.dns-shop.ru/thumb/st1/fit/500/500/a28f17ff616c9d6efa99c66149fe57cf/91e2635b371b03c34bf191de76182818e655aa997f696a061ad9f14b91ca0b18.jpg.webp
103,547,https://c.dns-shop.ru/thumb/st1/fit/500/500/c25105db10962a4b2d28d558ae8375de/eba7abd6873f6f2ecf1ec1d1f64526253a392ee0dcf2afdf52e91eaa3d6cbaca.jpg.webp
104,548,https://c.dns-shop.ru/thumb/st1/fit/500/500/40b3e934b1dbd4d254ebfb655a6f38ef/5773f7252c056cd9a74e8f6299d5dba7ea406aca8219db602d1b021a09476f62.jpg.webp
105,549,https://c.dns-shop.ru/thumb/st1/fit/500/500/40b3e934b1dbd4d254ebfb655a6f38ef/5773f7252c056cd9a74e8f6299d5dba7ea406aca8219db602d1b021a09476f62.jpg.webp
106,550,https://c.dns-shop.ru/thumb/st1/fit/500/500/3d97eb0d93c44ed9cb5c868083e5201e/ace93d45c42dc37e7f6fe1a8712816d5f50ff4c651fc4cc1fe3074220b53460f.jpg.webp
107,551,https://c.dns-shop.ru/thumb/st4/fit/500/500/38d61e13484c65d0b4f9595bccc71d8b/c6d4c38dfedf8d26079a5fdb86ac142b90fc48f2a666d2de8d85a0add85f246c.jpg.webp
108,552,https://c.dns-shop.ru/thumb/st1/fit/500/500/eb586af67fdc8386f4be7a0a213d0933/7f092121d22d5f60f8d4eecbd7bbf72592ca76f16080b13f8ea989853303f234.jpg.webp
109,553,https://c.dns-shop.ru/thumb/st4/fit/500/500/94b1b406891de2977033bb7c8e2111b6/406cf857fabcefdf792db46b2faf35f25b57180de76b37f4cd6d31a58501dc18.jpg.webp
110,554,https://c.dns-shop.ru/thumb/st4/fit/500/500/f337b5b824deaa88d6bd1c0ff71e1685/63f06395504ab9260d257e32feffce9289383b36ca1e59cf7f2e165b0cce3b34.jpg.webp
111,555,https://c.dns-shop.ru/thumb/st4/fit/500/500/e9a86383ec5acf7fa09a3eb57f0c8f97/b12c4fdeedea9ac088b4f5b0f3f14d275ccd9f92d1dcec59910ee30f79b7f302.jpg.webp
112,556,https://c.dns-shop.ru/thumb/st1/fit/500/500/5134e0a2a617a669ac3236eda010f26e/7d0b97b196d9a8da85e2d2a8b99a03d41ffa780a9de85d6d7695ea9fcd0e18bb.jpg.webp
113,557,https://c.dns-shop.ru/thumb/st4/fit/500/500/00a63ab7bc227f393b937e562a9c115b/87aff1eff1c0224586c6a7a9c39b5cbc20fc05e9b444fa7a718be717c74c4c4b.jpg.webp
114,558,https://c.dns-shop.ru/thumb/st1/fit/500/500/6f2448f47d71abefb8672c3a69cf2a72/004cc19ad54c7f8a446aa468f94675ba48b4dfce731bf9a1a44b3e91fbebf734.jpg.webp
115,559,https://c.dns-shop.ru/thumb/st1/fit/500/500/79b773c51edf639945d794d289901e63/15aae99a146aceb2586df292f513d79db2991acf7867393bdb89eb28eb5cf103.jpg.webp
116,560,https://c.dns-shop.ru/thumb/st1/fit/500/500/6a6a505ff1690f41eee3586aff88212a/bb1b91afc6b71b23e7bf45c16c3dfec1210b58f8a63d2335141ef0cec96100e9.jpg.webp
117,561,https://c.dns-shop.ru/thumb/st1/fit/500/500/40c139d967ebdb5c8dd944df5d4f8662/50447160a942f9619651a3917fcbafa5da684f02929d842f3d865425bede0199.jpg.webp
118,562,https://c.dns-shop.ru/thumb/st1/fit/500/500/c348ceef7ff1dabc5e282a05df1c167d/fbc0365338742c10b17ffd054cfa47346ac0183f6fbfe28f85b1ed314ffca4b6.jpg.webp
119,563,https://c.dns-shop.ru/thumb/st1/fit/500/500/1033cb52d304efc28e16154ddaf91199/42b825362ccf8279b9369bce65f661ba05014e6da6ed6681f4c3715c622ea2b2.jpg.webp
120,564,https://c.dns-shop.ru/thumb/st4/fit/500/500/f64857f937644ed877501220e37f1cd6/e6f1b77ca64157d5712a9c564dc4ccc6686babc16413971c391ccdfab3e394c0.jpg.webp
121,565,https://c.dns-shop.ru/thumb/st4/fit/500/500/7fef3434565a115ce0ccb45ce1b2db9e/5e6210e9b2fd712dc576d3f4d5a79161a2cb00903913596fc21726ad42f00585.jpg.webp
122,566,https://c.dns-shop.ru/thumb/st1/fit/500/500/b05ab72b767271f4042c6d0bae4246a4/0b0b50a52e3e39d17b8bf6a1324ea7c0afc08b83e23b815d118b301427d2494b.jpg.webp
123,567,https://c.dns-shop.ru/thumb/st1/fit/500/500/1033cb52d304efc28e16154ddaf91199/42b825362ccf8279b9369bce65f661ba05014e6da6ed6681f4c3715c622ea2b2.jpg.webp
124,568,https://c.dns-shop.ru/thumb/st1/fit/500/500/165cf0a37c4d7df6f83d81269641d548/978b750084f883ba72686d8ac033c5fd28afe8a5b914159bcc05299e32adf96f.jpg.webp
125,569,https://c.dns-shop.ru/thumb/st1/fit/500/500/165cf0a37c4d7df6f83d81269641d548/978b750084f883ba72686d8ac033c5fd28afe8a5b914159bcc05299e32adf96f.jpg.webp
126,570,https://c.dns-shop.ru/thumb/st1/fit/500/500/84c3358cf7a5f6f18868005fd489e200/5a46f607180a4f3b3be0d8e26994e21d2cf29a26d21ae8275d29f222143bd022.jpg.webp
127,571,https://c.dns-shop.ru/thumb/st1/fit/500/500/84c3358cf7a5f6f18868005fd489e200/5a46f607180a4f3b3be0d8e26994e21d2cf29a26d21ae8275d29f222143bd022.jpg.webp
128,572,https://c.dns-shop.ru/thumb/st1/fit/500/500/284b357020d6323670a0616e26969998/2990fdf6b265f5c4c001a210f8e7a865de94f341ebf341385f772c34a3a8517e.jpg.webp
129,573,https://c.dns-shop.ru/thumb/st4/fit/500/500/07469a49693b97511c36ae8f79764591/04f744c83cb9b4e1ad0d6d4158b09676bf9acac9de47f2fd82eeef61884ef788.jpg.webp
130,574,https://c.dns-shop.ru/thumb/st4/fit/500/500/aa5f5893a70d58674c264de871dee958/83975687695617cea836a8ad43be5c2a8f68643d6c362afd10001af8e61e22fd.jpg.webp
131,575,https://c.dns-shop.ru/thumb/st1/fit/500/500/baa57554f4e3f90e3d6697194f280dd8/1161c1e045d96fccd86662b6cb9db01f6fd6e8dcbc154eaf2af9071239f25445.jpg.webp
132,576,https://c.dns-shop.ru/thumb/st4/fit/500/500/c8505726bf9acdbeb9d58b0585cade3c/a7afa6da375a325d51c2189cc0ae01ac8449af8ca7abee4695e4782bc09ac2c3.jpg.webp
133,577,https://c.dns-shop.ru/thumb/st4/fit/500/500/38d3ab47f800a1b00326a340df5d429d/363319dd4384d11f43a45c2349a2b4a89018a938bd8f2e5b424d3ec401ff058d.jpg.webp
134,578,https://c.dns-shop.ru/thumb/st1/fit/500/500/96ca9af2fe3941a995be46c33cc95f16/1589e25b1e4ab029ecf2de8e640467100f3140350aad2a5d6c172690282d08cb.jpg.webp
135,579,https://c.dns-shop.ru/thumb/st4/fit/500/500/b242e004ea2928398bed452b7f718ac4/dbaeb8127d6e0bc28d28fc058355e83696ebe47d431a48bc67536104732a948d.jpg.webp
136,580,https://c.dns-shop.ru/thumb/st4/fit/500/500/b039c621332f8799fe6e67973a5c4f66/b753438dc4f681150daef34a55e5c4bb5953ea4e4ee074fcfb92a20436274739.jpg.webp
137,581,https://c.dns-shop.ru/thumb/st1/fit/500/500/f4fe817b65267627c4f3345221a7515c/e200385c9c24718adecb4e4475420074f2d3e798ffcfa64b1be62ccbc5df0b4c.jpg.webp
138,582,https://c.dns-shop.ru/thumb/st4/fit/500/500/d7d8ddc064964b0e3c82284d02e49d45/62e85ca69d1a6016e4ef8c0bb849ea62022770fa4e7911aa2a5bb572e5f6fb23.jpg.webp
139,583,https://c.dns-shop.ru/thumb/st1/fit/500/500/73874bd11f9aed9992d033144a7ce449/c6414af498a106391e931ece291b9418dae81fb3a4684cd6d812795ca9010e6c.jpg.webp
140,584,https://c.dns-shop.ru/thumb/st1/fit/500/500/077bb946b363e2f100f5e49872431a3f/69c5c9c07bf7af9a5ecb1ce260838ba4aaa34b40cce863cf95002a72b71f0dd6.jpg.webp
141,585,https://c.dns-shop.ru/thumb/st4/fit/500/500/1c80936ae3c10885300b8a2603470927/c068c29bfda2057c3181e62519853d331f71856e10294604fe99b63a8c3ad755.jpg.webp
142,586,https://c.dns-shop.ru/thumb/st4/fit/500/500/709aac0637011d6a47f97d23c03a7145/7365c60879165ece1d346884280757146e18b579c9901aef66b3b95ec8f37e5d.jpg.webp
143,587,https://c.dns-shop.ru/thumb/st4/fit/500/500/40b2a26ef187a54ae0f2ec9f902be621/c2b21c7429c84d9e0dc6f0b5c8ab366cd35ba3ab71ee774fd66303bdb9ff51e0.jpg.webp
144,588,https://c.dns-shop.ru/thumb/st4/fit/500/500/d8a0e2f27bf3af4d3efde9c07c6fdaec/faea0099ba49e24d6d3b360adbb91c681f464e49c42a40183f08ce1ef95b8e53.jpg.webp
145,589,https://c.dns-shop.ru/thumb/st4/fit/500/500/ca4ec62dbe3865da818498d196ddbc25/0170a0ba9e893f2a3e61b6b2ef2b099f963babbb457da545dd71cf02cbaf7c85.jpg.webp
146,590,https://c.dns-shop.ru/thumb/st1/fit/500/500/11a671baff5513d51a82b7d9353f3342/54bbe9de57940dc978995c5131bb590053389eed13b5e4e93c8b2b364ddb41d1.jpg.webp
147,591,https://c.dns-shop.ru/thumb/st4/fit/500/500/d064a9b19d3aeb913099bcabdaf21a4c/e14db602822f65824c7f034c620b6740f5635db9503bfcbff7adfedf8f3e3517.jpg.webp
148,592,https://c.dns-shop.ru/thumb/st1/fit/500/500/0fdc90305a16d1b0af1e7b7482041e7f/4a65ab69434629e86ea7c679a132100cc2d24493bc1ca3955b07caec0d3eda08.jpg.webp
149,593,https://c.dns-shop.ru/thumb/st1/fit/500/500/b448d13cc73e0e20c522ee314a8b03eb/cad4457b43bad8f36042eb6639ab36acca5373f6aba48945254b8ddd38f0f9f5.jpg.webp
150,594,https://c.dns-shop.ru/thumb/st1/fit/500/500/f8ded42458b28dd8f5ce588b50ad539a/f41e8c62a94989b948a58fe7ca611ff27922f288516b731d735f64c3ea14c997.jpg.webp
151,595,https://c.dns-shop.ru/thumb/st1/fit/500/500/f9e53a7e04b2f043ac02152dbf41fc99/6afc5be874ab71c256b4b301c34a5ef672d96891db70887e8a75f6aaebc395f5.jpg.webp
152,596,https://c.dns-shop.ru/thumb/st4/fit/500/500/e64dccb4f2391792b7aafd1ca27ffd8a/030d18d191945e4b0678303eb2ba27bbf2c53615fad57da2e76bfc44176ad2d4.jpg.webp
153,597,https://c.dns-shop.ru/thumb/st4/fit/500/500/8dd556ebd7af0f3aa1f7eb7892ff3f1e/dbfb1c9a566ee31566ba882700e11a8c7f90ec692935d6f30eb0f26cb6c087f3.jpg.webp
154,598,https://c.dns-shop.ru/thumb/st4/fit/500/500/07469a49693b97511c36ae8f79764591/04f744c83cb9b4e1ad0d6d4158b09676bf9acac9de47f2fd82eeef61884ef788.jpg.webp
155,599,https://c.dns-shop.ru/thumb/st1/fit/500/500/411c92d221e35e5babca0fa4233bcc49/5157462afeaf26e058f7138d7eeabcde351e593d4cef9bc4d1f8d9052db594b4.jpg.webp
156,600,https://c.dns-shop.ru/thumb/st1/fit/500/500/49ac8994ceddd58ffc9727995cd6afb2/4b98e5219ff74f1e6150220320c493737e12059fd72039a8c4d059a31cd51ab2.jpg.webp
157,601,https://c.dns-shop.ru/thumb/st1/fit/500/500/2bd4ae21798c99dae6c359c3ec556d05/607e000209c45a87a2d4a5337f7eb23204819e1262981e4d517cebf1cc940942.jpg.webp
158,602,https://c.dns-shop.ru/thumb/st4/fit/500/500/5e3904c0ca121815b2ae3f6532e7cb5e/b98c65325c2b7732ec9f3a4e69b3488388f41d0afec6bf9072bddc00d30b8b54.jpg.webp
159,603,https://c.dns-shop.ru/thumb/st4/fit/500/500/38d3ab47f800a1b00326a340df5d429d/363319dd4384d11f43a45c2349a2b4a89018a938bd8f2e5b424d3ec401ff058d.jpg.webp
160,604,https://c.dns-shop.ru/thumb/st1/fit/500/500/eacbf54677ca31a31af2a20f185801a8/0924fdc3afafbcab964792f7007493c0fbbb055114d635d049e56d277214812b.jpg.webp
161,605,https://c.dns-shop.ru/thumb/st4/fit/500/500/0a66e57b9c63e86f1cb139b6f5b87809/77d9846375cab056397c0010aa1e539cbe953d50fc386d8214abfd6d6ac87205.jpg.webp
162,606,https://c.dns-shop.ru/thumb/st1/fit/500/500/f0199db3e059863a0c156dd84c6f5d7a/ca43bc7b32bd3b77a921e5be5911a42a3a6a156b8fc8cad062ddc6c24a879ad7.jpg.webp
163,607,https://c.dns-shop.ru/thumb/st1/fit/500/500/0a64dce02bedcc0c9072b73321d71e68/41f58ebc7751207f37f21807ce24242ab3eec3cb639b45d1d56a90b0ffe3e206.jpg.webp
164,608,https://c.dns-shop.ru/thumb/st1/fit/500/500/664ba3df745c0d45847d26fdb214ef37/a940ddd604299e3897877812b055c3251b0ccb936f0c8306f4d5aa72ae96a1b3.jpg.webp
165,609,https://c.dns-shop.ru/thumb/st1/fit/500/500/a75956f6f222965179d7fc9f54899a92/e79674211ea228e97519a0f163b42e28cb3906d56e03c4d5e162097a2930162b.jpg.webp
166,610,https://c.dns-shop.ru/thumb/st4/fit/500/500/09e2f9da6ce91d88c8e14d7f182c92ea/37884b6fc7cffef8d7190507ffcbdf05ab9118ce851bcf3ffc6e1aa51614a117.jpg.webp
167,611,https://c.dns-shop.ru/thumb/st1/fit/500/500/0a64dce02bedcc0c9072b73321d71e68/41f58ebc7751207f37f21807ce24242ab3eec3cb639b45d1d56a90b0ffe3e206.jpg.webp
168,612,https://c.dns-shop.ru/thumb/st1/fit/500/500/9347e54cd0953991b6d0fb9dcef64385/9029ee6b708358fd22565850ef8afdae2e13ddcf46b8e8d932bfa194292ac341.jpg.webp
169,613,https://c.dns-shop.ru/thumb/st1/fit/500/500/3c23b1417666ca77e2edbd98bcd75fbd/d573b889c3d9be0bf847732e8c98f7738bd704f30d2b2a58158d340d03b003fc.jpg.webp
170,614,https://c.dns-shop.ru/thumb/st1/fit/500/500/086eaa4af2f6e3a9540f024821b4b643/ab09b87472cb1feeea7698628e8b0e0467a2150b4903af30de00022bfb47a212.jpg.webp
171,615,https://c.dns-shop.ru/thumb/st4/fit/500/500/3d0ada8809ff2f45815b3ad9fd0b0c52/c9f49d7fdbae2ef56308a55495940b7e46af9ea11e1974e0a3d7266447fd180f.jpg.webp
172,616,https://c.dns-shop.ru/thumb/st1/fit/500/500/5c738915c611875cad9283c00432d242/5b673ff8ff839034cfb5be6fed8333831e637d72ec48258e4b6a74f18d5cc7d8.jpg.webp
173,617,https://c.dns-shop.ru/thumb/st1/fit/500/500/fd25cba071188ed05dc97a59380d653a/596282c5a02c7895a55de9f921ef5c006c7edbd62e70579de664cb1c1453bde4.jpg.webp
174,618,https://c.dns-shop.ru/thumb/st1/fit/500/500/5c738915c611875cad9283c00432d242/5b673ff8ff839034cfb5be6fed8333831e637d72ec48258e4b6a74f18d5cc7d8.jpg.webp
175,619,https://c.dns-shop.ru/thumb/st4/fit/500/500/3d0ada8809ff2f45815b3ad9fd0b0c52/c9f49d7fdbae2ef56308a55495940b7e46af9ea11e1974e0a3d7266447fd180f.jpg.webp
176,620,https://c.dns-shop.ru/thumb/st1/fit/500/500/92996761d3551eeb455214653a8e18d2/ef295a5df6c2edfa7b9e27a6e7cb1fa82831195bfb2397748df32cfe55791629.jpg.webp
177,621,https://c.dns-shop.ru/thumb/st1/fit/500/500/664ba3df745c0d45847d26fdb214ef37/a940ddd604299e3897877812b055c3251b0ccb936f0c8306f4d5aa72ae96a1b3.jpg.webp
178,622,https://c.dns-shop.ru/thumb/st4/fit/500/500/f7bcde094ef82e500f7c1f273e977011/ec9aa11949d9927cc1680a8a698e3259dd0af7fe8eef892ed6a347489333e186.jpg.webp
179,623,https://c.dns-shop.ru/thumb/st1/fit/500/500/b902315a922f7057eb4564d4b68d44c8/82222ce7c28812d7b24a8e5e2438d11052a4d7eeeb4f1041de91a21a546b69b4.jpg.webp
180,624,https://c.dns-shop.ru/thumb/st1/fit/500/500/351b01a509855d719bbae9539345cf33/039b67090aeaafe61b2e1b6cf29efdf7f703fbfe8132536447ca3f6a986c8608.jpg.webp
181,625,https://c.dns-shop.ru/thumb/st1/fit/500/500/54fa25a2a9929a9ddf1cf69b725f0040/dfc7109d3b1822f773830d0ab437091b713995e557dd914463722142c480fb35.jpg.webp
182,626,https://c.dns-shop.ru/thumb/st4/fit/500/500/03fb8441f8a5a9e216ed445d9f8183bc/38e947eb82476803a1f87c8fb24bcee00092f34e076bb8ab82c369ded32060eb.jpg.webp
183,627,https://c.dns-shop.ru/thumb/st1/fit/500/500/8b32e1ffab5ade136bf932e74ce87e82/adb047bac1d5e396aca023bf8de17a76ca7c9a43e0d0a5a0cb23671d4f3ac182.jpg.webp
184,628,https://c.dns-shop.ru/thumb/st1/fit/500/500/664ba3df745c0d45847d26fdb214ef37/a940ddd604299e3897877812b055c3251b0ccb936f0c8306f4d5aa72ae96a1b3.jpg.webp
185,629,https://c.dns-shop.ru/thumb/st1/fit/500/500/97de7e0b640710530a0f8667d9c6b558/eec7f15e4c1dc826844b88f1ee7014aa0757ceec1402e5f5a42ddfd269091deb.jpg.webp
186,630,https://c.dns-shop.ru/thumb/st1/fit/500/500/25d134c73654c108b20b747607f7382e/ae3f61d94fffd78669c6871a5aa7f6953c19790935b476f6cb4d8424081aa5e4.jpg.webp
187,631,https://c.dns-shop.ru/thumb/st4/fit/500/500/040b35bfdfe2c902a5c130dcd3f10e3d/b51c0e4f5bb6f63ddd17ac78ffb9b7ad95f024ebaa44eecab0ce27480633849a.jpg.webp
188,632,https://c.dns-shop.ru/thumb/st4/fit/500/500/bd5eed5895f354f745842c70e51e7648/07d1e5633d136d30d85922e291fdf61ac5772e3e4b376034020f485d7ebc30a9.jpg.webp
189,633,https://c.dns-shop.ru/thumb/st4/fit/500/500/93832966d49b1f01c684be76d3548082/79097ad4dcecea60feb95634c7fdca40d58e58e6ba3137cc494b434ea4b33892.jpg.webp
190,634,https://c.dns-shop.ru/thumb/st1/fit/500/500/664ba3df745c0d45847d26fdb214ef37/a940ddd604299e3897877812b055c3251b0ccb936f0c8306f4d5aa72ae96a1b3.jpg.webp
191,635,https://c.dns-shop.ru/thumb/st1/fit/500/500/56c8dd86f9e75c2b86319198807b2c8a/a05b162bfeae82d9660211348d73acc39d0097096e1ef35208d7859f61ccac72.jpg.webp
192,636,https://c.dns-shop.ru/thumb/st1/fit/500/500/a1c5687c724a4a7cc51247a2d891a9db/c3406c78b8d83595dcbd65b55c5c2259d5839d3fdbe64d2d7f81b4462958ffcb.jpg.webp
193,637,https://c.dns-shop.ru/thumb/st1/fit/500/500/d8ee6bf00182a7a6f77f72f5e0e56b28/ddec8f1949684c6ce168ed994d2fd57896bc802f40f71e0624f1634e2961ff1f.jpg.webp
194,638,https://c.dns-shop.ru/thumb/st4/fit/500/500/41480c73cf5ea35050c8620215d27ae7/9a54524a70fe1694cb0e11d2d18a81cdb5dc1e3fb425476c01c53bb074b1ff03.jpg.webp
195,639,https://c.dns-shop.ru/thumb/st1/fit/500/500/349b2cf21dbfb9a9918a9fbeb908615f/10e7c854290ef2a538ce46665325a334b7612a9ebfd3b9c25771fd3021891081.jpg.webp
196,640,https://c.dns-shop.ru/thumb/st1/fit/500/500/96441735a90a17528c376629b32d0e0d/027438eed270bf22a038558d26a8fd6c8c0f38c80417a277f2480013f1921870.jpg.webp
197,641,https://c.dns-shop.ru/thumb/st1/fit/500/500/9347e54cd0953991b6d0fb9dcef64385/9029ee6b708358fd22565850ef8afdae2e13ddcf46b8e8d932bfa194292ac341.jpg.webp
198,642,https://c.dns-shop.ru/thumb/st4/fit/500/500/5dd221090b0a9b86befc27a3b0a6e243/a54a17729e92dbece9f3dbcc23b9e3837cb96672d84b7fc9138f0a4c6a778e2d.jpg.webp
199,643,https://c.dns-shop.ru/thumb/st1/fit/500/500/ebd47cf58ff3c34b3ef9e659bf96b916/75c96bf6081e799ebef61c769188a1eab672b5b2707b1a873fdb9f0483df03aa.jpg.webp
200,644,https://c.dns-shop.ru/thumb/st1/fit/500/500/25fc946f0cc3fff6f3f25e1537be3351/4566369a67143ee191a467292bf87c7850fb7d11aa42dc841a103e5d21e2e1bb.jpg.webp
201,645,https://c.dns-shop.ru/thumb/st1/fit/500/500/349b2cf21dbfb9a9918a9fbeb908615f/10e7c854290ef2a538ce46665325a334b7612a9ebfd3b9c25771fd3021891081.jpg.webp
202,646,https://c.dns-shop.ru/thumb/st1/fit/500/500/56c8dd86f9e75c2b86319198807b2c8a/a05b162bfeae82d9660211348d73acc39d0097096e1ef35208d7859f61ccac72.jpg.webp
203,647,https://c.dns-shop.ru/thumb/st1/fit/500/500/56c8dd86f9e75c2b86319198807b2c8a/a05b162bfeae82d9660211348d73acc39d0097096e1ef35208d7859f61ccac72.jpg.webp
204,648,https://c.dns-shop.ru/thumb/st1/fit/500/500/a1c5687c724a4a7cc51247a2d891a9db/c3406c78b8d83595dcbd65b55c5c2259d5839d3fdbe64d2d7f81b4462958ffcb.jpg.webp
205,649,https://c.dns-shop.ru/thumb/st4/fit/500/500/41480c73cf5ea35050c8620215d27ae7/9a54524a70fe1694cb0e11d2d18a81cdb5dc1e3fb425476c01c53bb074b1ff03.jpg.webp
206,650,https://c.dns-shop.ru/thumb/st1/fit/500/500/0722a04939d43f5824903883d472f169/f562d5d7c5aded9062b33c2f7f46ca625e7391fc96aeda3e27f56955a0906641.jpg.webp
207,651,https://c.dns-shop.ru/thumb/st4/fit/500/500/c770a7f54cdc7a5dac325a4192d0d39a/4cbe26d33932093e1499c0a988bc49c7bb4519f9d6f7340e0dfb15ac85d1412c.png.webp
208,652,https://c.dns-shop.ru/thumb/st1/fit/500/500/1fefc246743eff311b4f353b97a708a7/029f8ce92f7c0f6ce18ccc8c29890e7bbb0da3f7faf9ebd17c8f26b5eb5d0ca3.jpg.webp
209,653,https://c.dns-shop.ru/thumb/st1/fit/500/500/281170a3b4cf0aee5c4d462243e4f535/d1c91306c3f11068d74a3900c817b28e3fba59c4409efc0fb5ada7802d28608f.jpg.webp
210,654,https://c.dns-shop.ru/thumb/st1/fit/500/500/b902315a922f7057eb4564d4b68d44c8/82222ce7c28812d7b24a8e5e2438d11052a4d7eeeb4f1041de91a21a546b69b4.jpg.webp
211,655,https://c.dns-shop.ru/thumb/st4/fit/500/500/c770a7f54cdc7a5dac325a4192d0d39a/4cbe26d33932093e1499c0a988bc49c7bb4519f9d6f7340e0dfb15ac85d1412c.png.webp
212,656,https://c.dns-shop.ru/thumb/st4/fit/500/500/92d51d50bb4ac660602b416a1f7f0276/574841606f6fc4f716c6bfa1424b5f51b4d3686f9b4bbc21826a3e9ca7672a9a.jpg.webp
213,657,https://c.dns-shop.ru/thumb/st4/fit/500/500/1b358a15ebed077f3bde139669d76595/290e4c3a8ee7e06d6cbe54a70c893f78424ae7d2d37ad6464a8cb4af5921d891.jpg.webp
214,658,https://c.dns-shop.ru/thumb/st1/fit/500/500/2f5c3aed8e109132325203aea1402b50/5ce24b6ad7c33d2a80f6d7e2cfb766b2592074034df2ab22af2eb371c4827882.png.webp
215,659,https://c.dns-shop.ru/thumb/st1/fit/500/500/2bdbbbde4155a0872cdbb7fed519a8f9/1261adcb742dfa7509690f5d079293d010f809aeeaf5276803f6decb8f0a8765.jpg.webp
216,660,https://c.dns-shop.ru/thumb/st1/fit/500/500/0722a04939d43f5824903883d472f169/f562d5d7c5aded9062b33c2f7f46ca625e7391fc96aeda3e27f56955a0906641.jpg.webp
220,664,https://c.dns-shop.ru/thumb/st1/fit/500/500/2d24bea154be9d2dec834c7bdb3655bf/f7703b8a0e2cad2d942805f9c9069316f0108148e9ef6cbd4f9244827789e3df.jpg.webp
221,665,https://c.dns-shop.ru/thumb/st1/fit/500/500/9d93e012445e361295ea712700a09be1/251a7c368e925b02edf726dbcdec8494de0b7ab75446805bd25c20d135029a83.jpg.webp
222,666,https://c.dns-shop.ru/thumb/st1/fit/500/500/386f365534f5172b4a6a98a29656b542/10979df7280691c77e76c8fd36f6131f04e97f2965be996a5c53cc3defac2a58.jpg.webp
225,669,https://c.dns-shop.ru/thumb/st4/fit/500/500/3ac6de323abcb42bd90283c11a3cf98c/6fa9a1d9c31d8bbc69e4f41a745051ae55606e5884dd765cd63afe3d0db161ae.jpg.webp
227,671,https://c.dns-shop.ru/thumb/st1/fit/500/500/1d615ad84369402a94b06eb5a22970ef/f5e4909936d9b8e187cf5c93f5a111c8ca5837e37ea2bdd0fbadebf2441a695e.jpg.webp
228,672,https://c.dns-shop.ru/thumb/st1/fit/500/500/60d18c6c701c8ab7c1d7d0486c554f1e/dcf127440ed74e54beeb1e74cebb4881e8368eca5b45b6de0edd02c08a47c01a.jpg.webp
229,673,https://c.dns-shop.ru/thumb/st4/fit/500/500/4302db44c79e27e0df49c0a0b1eb5679/c54953118058de83f71953247ed45590094a4a3a4862eea28da7a454b8979ed9.jpg.webp
230,674,https://c.dns-shop.ru/thumb/st1/fit/500/500/9fab38fda91a8aac7928d0b98ef6ffb9/806983586139f72226bd86af0251e820e843318ddff2e6dcdbf48ca23e2334a5.jpg.webp
231,675,https://c.dns-shop.ru/thumb/st1/fit/500/500/191f08613e9d9eecb9fca2db3b77ebe6/94cfbe08ac212648f6411f17eac6b57c47f5b2adc248d845fcb6462285b7b611.jpg.webp
232,676,https://c.dns-shop.ru/thumb/st1/fit/500/500/b86ae713bd3cad96528654cfc64f46e7/36684f2dd75ac53e5f5bfc014529d7e6feb52fe8b33a718ef1a7557be5b7fc96.jpg.webp
233,677,https://c.dns-shop.ru/thumb/st1/fit/500/500/9cfac7f4f055f75e729d277cd98f8421/05afc58ec5840c8734e8e080ce3d673479f66fe5b7facf30db5b70561843a513.jpg.webp
234,678,https://c.dns-shop.ru/thumb/st4/fit/500/500/b8bab8cc78083985749116d6fdd3185f/b3ef2993b604a3ad12e9425aec52fcd082e9fafcaea7c76b73deb51cb142f934.jpg.webp
235,679,https://c.dns-shop.ru/thumb/st1/fit/500/500/7c1158a8db2c0fd23f5c1b3fcf55224b/f0fb6a5123fda2f4f4cfed2be509ea907e127b23f475da88da33e2222dcdea14.jpg.webp
236,680,https://c.dns-shop.ru/thumb/st1/fit/500/500/bbeabbf188f8a51334773e3b83bf9258/d6eb958ed77924463178c91cd80af44b38ba7136e3aa8529306fb267c7cfabec.jpg.webp
237,681,https://c.dns-shop.ru/thumb/st4/fit/500/500/06fc375be46c7f65c5c85e8d87393cdb/0833b1385984451c905bddca134eb86557a70f85c291e8665310038c37acbf7d.jpg.webp
238,682,https://c.dns-shop.ru/thumb/st1/fit/500/500/91277c74909ce2d4972425681d548962/3e5b0e92f1d89875eba20511ea443f45adf4987a5b441f4bcd827b1378479c22.jpg.webp
241,685,https://c.dns-shop.ru/thumb/st1/fit/500/500/6c1a20b60548f5b863fdc82253da1b64/d5d44954fef0ff2c7ffc84cf7424f97dc15328e05e04c79d97cd5851d29d50c0.jpg.webp
242,686,https://c.dns-shop.ru/thumb/st4/fit/500/500/3f4ae68a4493e62e5799c5b8c65bea8b/9b5b3ee89242424559c475f0668cbbbb2051f872bbfdb8f6808f9774ba9cb172.png.webp
243,687,https://c.dns-shop.ru/thumb/st1/fit/500/500/c9f37d9dc318f06f5bf66629a42c70cc/9061df7e0707c0c7c0fa9436c120a2a8189913e4fc9f2c3c069663299d2d4275.jpg.webp
244,688,https://c.dns-shop.ru/thumb/st4/fit/500/500/7af97800a6274e0df225628a2e56ce4e/0a1c2e07fb800804667fa6726411138e70e4199855a00cb0108369afcd82a080.jpg.webp
245,689,https://c.dns-shop.ru/thumb/st1/fit/500/500/8360204e978c87ed7a47f4acd283f160/53ecb28183e6766a5bbae166100e9b67660e5df5606b1b746360e68ff759a8cf.jpg.webp
246,690,https://c.dns-shop.ru/thumb/st1/fit/500/500/a6e7078b3a8c2c1e7eb8ea7fb8e0826b/d7bb0fd44710f5335a60976d158892f9f2017768cbf147273f851ee9b0dd2e58.jpg.webp
247,691,https://c.dns-shop.ru/thumb/st1/fit/500/500/0e67546cf1469438c8e318365f6b5f30/67176a451ec257462bfe5ba4cc72ecb115d8a381fb940596a1b56a375d6016b0.jpg.webp
248,692,https://c.dns-shop.ru/thumb/st4/fit/500/500/d56081e1cdfa0364671b2d5eaeb03ebc/33461f313e20ed0163dde30af2946661365ecdf5e8fd1c8fb224a46d47d97e0b.jpg.webp
249,693,https://c.dns-shop.ru/thumb/st1/fit/500/500/a2878806b250b40a567075cd43f2455a/5e1e05bb67092aaa853a2f5546db89f8e8b5dc63eeafcfbfc432011602d32512.jpg.webp
250,694,https://c.dns-shop.ru/thumb/st1/fit/500/500/0e67546cf1469438c8e318365f6b5f30/67176a451ec257462bfe5ba4cc72ecb115d8a381fb940596a1b56a375d6016b0.jpg.webp
251,695,https://c.dns-shop.ru/thumb/st1/fit/500/500/425eda0f51697cc04c1f327ec30ae076/d6b9751930b7077221f0c1c93d6ac1668424a32d31f9e6feb6a210eb71707997.jpg.webp
252,696,https://c.dns-shop.ru/thumb/st1/fit/500/500/9f2164314b48ff0e74231a53301df215/293f47876ccce927a476cf8db53bfcc25b8271ef1786aa9c6dd94dd74492c53d.jpg.webp
253,697,https://c.dns-shop.ru/thumb/st1/fit/500/500/386f365534f5172b4a6a98a29656b542/10979df7280691c77e76c8fd36f6131f04e97f2965be996a5c53cc3defac2a58.jpg.webp
254,698,https://c.dns-shop.ru/thumb/st1/fit/500/500/21232b4aa977e5ff67cb1e0ee7c83d95/eecf3ec4e2aebe7487f4deb3f0eba28ce39562387aa9bbaf6829be2caf2ef5f5.jpg.webp
255,699,https://c.dns-shop.ru/thumb/st4/fit/500/500/f225a26abbab0e5bbc7d8817b8e16f0d/c105e6d8917220e8c8ddf1dfcede61afe85fd1a2175a78ea66875c52f30ff372.jpg.webp
256,700,https://c.dns-shop.ru/thumb/st4/fit/500/500/a662e0846b54bf3da02881ceec25415a/cb90d67cdc2638c96a757341441d9d719db71dd6c55a33fd007a4cd6241c0d44.jpg.webp
257,701,https://c.dns-shop.ru/thumb/st4/fit/500/500/6731cd0b9c1d71237fb18af8e373b76b/84832d3eb5f15f799a51ed0827f59c01c7d3cee6253a85c450220ae9c28768a4.jpg.webp
258,702,https://c.dns-shop.ru/thumb/st1/fit/500/500/9bd755fa1e235ce593242c62398597a9/98777a7e6051ac3737bbd742f1d10603bef0e771880027ba49d710f26d152084.jpg.webp
259,703,
260,704,https://c.dns-shop.ru/thumb/st1/fit/500/500/2d24bea154be9d2dec834c7bdb3655bf/f7703b8a0e2cad2d942805f9c9069316f0108148e9ef6cbd4f9244827789e3df.jpg.webp
261,705,
262,706,https://c.dns-shop.ru/thumb/st4/fit/500/500/be344c74ddac5e7344c4e5da3183abfc/8783f5126845b04fd9e1d8f0a3e01d925536613c0bd8e371ad972a454e390448.jpg.webp
263,707,https://c.dns-shop.ru/thumb/st1/fit/500/500/62fc196479f1b19f02ac4ea4c1b14791/b55c4036be34c7bb4157f8334af0a39eaccbd7df5c8cc86a0c2ba5e48d67042a.jpg.webp
264,708,https://c.dns-shop.ru/thumb/st4/fit/500/500/6731cd0b9c1d71237fb18af8e373b76b/84832d3eb5f15f799a51ed0827f59c01c7d3cee6253a85c450220ae9c28768a4.jpg.webp
265,709,https://c.dns-shop.ru/thumb/st4/fit/500/500/6731cd0b9c1d71237fb18af8e373b76b/84832d3eb5f15f799a51ed0827f59c01c7d3cee6253a85c450220ae9c28768a4.jpg.webp
266,710,https://c.dns-shop.ru/thumb/st1/fit/500/500/1100540a53d97342fe0934291e6089d6/ef7436ff47cde08345babea4a466386bb6df8e6902e81e8c79d5ac210e978622.jpg.webp
267,711,https://c.dns-shop.ru/thumb/st4/fit/500/500/4302db44c79e27e0df49c0a0b1eb5679/c54953118058de83f71953247ed45590094a4a3a4862eea28da7a454b8979ed9.jpg.webp
268,712,https://c.dns-shop.ru/thumb/st4/fit/500/500/4302db44c79e27e0df49c0a0b1eb5679/c54953118058de83f71953247ed45590094a4a3a4862eea28da7a454b8979ed9.jpg.webp
269,713,https://c.dns-shop.ru/thumb/st1/fit/500/500/0e40a39aabe217f908aaa43a222fdcfa/5fcca2aea1990fccb1511757e713bcefe16cf58ee84bc794b586c9c0ae1fe22c.jpg.webp
270,714,https://c.dns-shop.ru/thumb/st4/fit/500/500/ff161624ef0bf33a084d33bf7ee88260/22d01f13eb92134c1a39d26603cb80058fa7bb8432113b572e3647d031cc412c.jpg.webp
271,715,https://c.dns-shop.ru/thumb/st4/fit/500/500/b35b1c4fb3c4d774dc1b877a57e7c996/211b42bad19ec65837cb518c53bc0874cbbaafd55abd7693b1b7772079048a29.jpg.webp
272,716,https://c.dns-shop.ru/thumb/st1/fit/500/500/2134cd3547451e2817b11490f76991cc/eda52a99411a00ca77d68896309e731ed60e3451e23186a0853b5acec563a2d9.jpg.webp
273,717,https://c.dns-shop.ru/thumb/st1/fit/500/500/b17185759efb09d8deb1cd2a60531671/da2fb590cace55ae6b2939e1bab5ae043a628ebf22c50212ba3e1b911b66da78.jpg.webp
274,718,https://c.dns-shop.ru/thumb/st1/fit/500/500/a4939ac41ae6fede8f7d7346c1aae128/7d7d3c07b361e0e32c1324482f3dc0f740b1933a2b1817286b37244eb52fde97.jpg.webp
275,719,https://c.dns-shop.ru/thumb/st1/fit/500/500/3e4624b294411b91a121046edd08740e/d2e69edb28353dbbece87ec8c961ed5c10bfa68fb2bd016d0811e9332d78791a.jpg.webp
276,720,https://c.dns-shop.ru/thumb/st1/fit/500/500/04528b8aac4800a1528257fcb03eedb7/76e53fbe54f9e080365ee9ad1ec9dd7635b94d9f3c295d85014a54d3aa6543f9.jpg.webp
277,721,https://c.dns-shop.ru/thumb/st1/fit/500/500/c44029dadf199f7ab7940231428902c2/732b50847a53e285f0775166332d82fe9ae52514b0f0c0ca7b726d321916e34f.jpg.webp
278,722,https://c.dns-shop.ru/thumb/st1/fit/500/500/2a4f26fea853584713d364c3c63804d7/2dc2a8fc5c5e9319696adf4c67eda029053fb0b33990d14a13ec8e2110acf421.jpg.webp
279,723,https://c.dns-shop.ru/thumb/st1/fit/500/500/602f11eb4b0344a5bb3f70a59a8e2eec/3b49d01f1b653a9df327cd3f62e0c12cc58047d4cb526762393c2d07e5dda57d.jpg.webp
280,724,https://c.dns-shop.ru/thumb/st1/fit/500/500/d17c93e5591c6335441faea09150bd2f/f15d89f9757f8f30d12b3e074e0f08ec3de6e5ba4760d037cf609c848bfd1504.jpg.webp
281,725,https://c.dns-shop.ru/thumb/st1/fit/500/500/686adc2f75b66873938c35a4523c2bfc/159ccb422a48cb11c3c8fc016c85f633f5137f4d44bb73200dfdc2de4c0b6ddc.jpg.webp
282,726,https://c.dns-shop.ru/thumb/st4/fit/500/500/a8291de6107824aa95123a2d02655f69/9723ac601ee3210bc4d46e2a8e6b6e836874259ebd30e608b033b5dfe9d60458.jpg.webp
283,727,https://c.dns-shop.ru/thumb/st4/fit/500/500/6b6920b942567773bc4e92615cdcfc63/4d573c9041d88bbce99d6f95ac4114b3d0c785a5370e00e14e4f011d30f9465b.jpg.webp
284,728,https://c.dns-shop.ru/thumb/st1/fit/500/500/2840707d7a9d5eca6c6418f1129b408f/bc3b49184ab975613d1c007b09e2944f56730a8174fcf55239e0f2b114fa8d32.jpg.webp
285,729,https://c.dns-shop.ru/thumb/st1/fit/500/500/b17185759efb09d8deb1cd2a60531671/da2fb590cace55ae6b2939e1bab5ae043a628ebf22c50212ba3e1b911b66da78.jpg.webp
286,730,https://c.dns-shop.ru/thumb/st4/fit/500/500/b227f5aec6e456dcc641ed5edc112a22/229328fac07c4688e90f408ff2be07bd59aced4f85ce42f99629f09354bb27d0.jpg.webp
287,731,https://c.dns-shop.ru/thumb/st1/fit/500/500/98655ce67e21cd1037dfac209498f9e2/2cdce559c06a390202564c1590c8823d5ae07c1d52e9a07689ab6c6ea9313486.jpg.webp
288,732,https://c.dns-shop.ru/thumb/st1/fit/500/500/547446423f04cfa3fe1592d004b25ac3/613038fb06264c70e6a7a95de1c1eb512cff1ede623523e0e52b712e410e8921.png.webp
289,733,https://c.dns-shop.ru/thumb/st4/fit/500/500/d281c2ceb59899b193e2ffa3d070c848/9fa8c748404c814c54e463934832c33092a745810ce9e6d8dd20194afa5b4c25.jpg.webp
290,734,https://c.dns-shop.ru/thumb/st1/fit/500/500/b0ba2dc51a9b8691afd74193bcc123f6/3db5c4af08c13a2159062246f5241430decb3e6419facff45aa572d76b3619e3.jpg.webp
291,735,https://c.dns-shop.ru/thumb/st1/fit/500/500/dd160e18b7674c5973e17948ee69d769/e4492d0443e1e046d74d674874d899b2a4e47e966df3f617add06b8d047f759b.jpg.webp
292,736,https://c.dns-shop.ru/thumb/st4/fit/500/500/ab02a288b60ac20bf89afbb993646be5/1693153145da7093461af911c6a547ea62d0061c72fa7c65e449e6ef6d4af7ef.jpg.webp
293,737,https://c.dns-shop.ru/thumb/st1/fit/500/500/f9ebf46906059537fdf1da7828afd11f/89c828ac413d1688a510daa6ad2c1a1532c05bb7d37859c7a3147d55f539e5bf.jpg.webp
294,738,https://c.dns-shop.ru/thumb/st4/fit/500/500/37f45e6009116c57918f0657782ea878/3b38150b9786387c173aa652d2ca1f6a0dec4d4053ef02dfe1ef3c9f9dd1c3b2.jpg.webp
295,739,https://c.dns-shop.ru/thumb/st1/fit/500/500/00ccd0a546b4845be8178d2c5c651e84/bb84a31fadeb22f6170a696041d1400b7829d050ff3fc9a4f2235b1ef3b4dd24.jpg.webp
296,740,https://c.dns-shop.ru/thumb/st4/fit/500/500/6b6920b942567773bc4e92615cdcfc63/4d573c9041d88bbce99d6f95ac4114b3d0c785a5370e00e14e4f011d30f9465b.jpg.webp
297,741,https://c.dns-shop.ru/thumb/st4/fit/500/500/435cc58695ff796eab458d89100fd9ef/76d411bc9e41a1660c9f5092572c5fc7f62f3c317e279af37f56bf7064c42d47.jpg.webp
298,742,https://c.dns-shop.ru/thumb/st4/fit/500/500/b89b3542808ff956ea534f57643f0256/b09bead8f20701dc67fa3331c1aafdb34828fb05453cacf5e17ce813504606a1.jpg.webp
299,743,https://c.dns-shop.ru/thumb/st1/fit/500/500/790c1bdedd453e4a4dc4b804e8a6bd60/534ba45a68349538ed812aa8b48b2c1cf8c12d7da43f08dc158cc067561507f1.jpg.webp
300,744,https://c.dns-shop.ru/thumb/st4/fit/500/500/dde0280759268c6818da5635aa7e4367/432aedf0e4e93643ce2b21be0bbb1afe6b97302469b3313d8446cccaa683ed08.jpg.webp
301,745,https://c.dns-shop.ru/thumb/st1/fit/500/500/1139faa018fd47f41abc78ad9593da3e/551a84c07064f0bcb94581a0a633ccafb0d0abd310c145fbbc2dd87860cf968f.jpg.webp
302,746,https://c.dns-shop.ru/thumb/st1/fit/500/500/a83c16e19fbcaf0d4ce89b8c5dcc7408/21e3fcf345a02b929001b3549b0a755c990dbb00701633e9150e2e6fcb3703ef.jpg.webp
303,747,https://c.dns-shop.ru/thumb/st4/fit/500/500/ec49e402ffb6e41ab2dd0b9ec1cf7684/0739d43427a224e02f6b76f54b19697d22e585a154981a548292fe4ee11b4999.jpg.webp
304,748,https://c.dns-shop.ru/thumb/st1/fit/500/500/cdc1365406e0c43915fdf6ff184806fc/66d95b2ac47bbb5a3ab7093a91710001efc6bbb4eddcd21a9553fca3cafb0e61.jpg.webp
305,749,https://c.dns-shop.ru/thumb/st1/fit/500/500/59b0a89fca9ccca60f8a46023f3d8d29/0c49c95c96257b142ae818ed64f617c916fe956e1051a4fd7d6be87763f61b9d.jpg.webp
306,750,https://c.dns-shop.ru/thumb/st4/fit/500/500/57a5fe14311b18327ff9cc0896f454b5/d2c2e9cab7bf5fff9f6a82b1569178f15828ea1c67d5ee3a238f21eed46e2e1a.jpg.webp
307,751,https://c.dns-shop.ru/thumb/st1/fit/500/500/32169dd8d80343e15acb08061d7265bf/dafa2aac2ced410ea4ce58b566894d7e2f63ba111c0b4bcebd4755288c2c750a.jpg.webp
308,752,https://c.dns-shop.ru/thumb/st4/fit/500/500/23234b75d18bfb561ed1309509989f73/0bae6e06424df6376a2741a008cdd100ffc8eb5ed4e323750dcf3467dede8002.png.webp
309,753,https://c.dns-shop.ru/thumb/st1/fit/500/500/84ad74d55806503dbd209faac3180ad8/defb383fa0236a58f51e74b2e715d58b593f3ccd6ea01c5bcbf142be69659f39.jpg.webp
310,754,https://c.dns-shop.ru/thumb/st4/fit/500/500/dbbbdea20c0c99d22432450ead2c0aee/ee5c3627042dde687d676fd746e4a3e5b4a3568fb303bbf6904560732e44b5b4.jpg.webp
311,755,https://c.dns-shop.ru/thumb/st1/fit/500/500/d6cf1c29711bb4456e4d156b63ad1e94/e9ac773f06ab75a54ad389a2dfe771e9af94020c6f93911a6ed7480ecf607a68.jpg.webp
312,756,https://c.dns-shop.ru/thumb/st1/fit/500/500/af6d070e78c95d731ea3299a03ec623a/154abae677068c97230c5977a4ba47e3f43865c7f77274dac66d791f4311be6f.jpg.webp
313,757,https://c.dns-shop.ru/thumb/st1/fit/500/500/cb0f0da945a40ef85d577f4717562208/4b1f33999e475a591651290c9debf1526939b7c760bbf63b11d918181a729207.jpg.webp
314,758,https://c.dns-shop.ru/thumb/st1/fit/500/500/c26db89e1c634b13127f26601938563f/d42e25fd3d4030e1b11bce96eddd2b6a517b776ad4ea56fa85a5804b609ef1db.jpg.webp
315,759,https://c.dns-shop.ru/thumb/st1/fit/500/500/4039b1aff39557d3520184855da18d56/39a08a547bfb40ab22bb88f864587dbb7f17c2de4312f16b7407adbeaeab1664.jpg.webp
316,760,https://c.dns-shop.ru/thumb/st4/fit/500/500/d52da0c7e27625b4b853f4af16c353f1/0b0d5a2c442f7e2735e307945a45a4ba96ed86a82c090143b5e58a21c477e804.jpg.webp
317,761,https://c.dns-shop.ru/thumb/st4/fit/500/500/d8ba4cb44553349ec1b9fa4febba2fb4/ae4cfcc716b2b8097eaecdc8dda9ae6468669f915205825a9607b4df9e821480.jpg.webp
318,762,https://c.dns-shop.ru/thumb/st4/fit/500/500/1807011de535fec3044fba12525d19c7/00f2cb745ef69ba191b4da9062d112567d7729376f0fb31219a9f856c4c7d667.jpg.webp
319,763,https://c.dns-shop.ru/thumb/st4/fit/500/500/fa1ee283699bec44cb174d7e26ef49c2/bf24047278c063e97339b8ec33e861da05827a35466fcc7d70e9fd245fdf42eb.jpg.webp
320,764,https://c.dns-shop.ru/thumb/st1/fit/500/500/b3b31feb2f14908eb1909ef8ff7c6f5d/3593289122f8d13490ec7197b912afb1e140fac37f9c636ac8c27a9b5a928481.jpg.webp
321,765,https://c.dns-shop.ru/thumb/st1/fit/500/500/70be7e5d510a70e0f73a6ac521a0fc32/dcbff0580007c13588af41d595b46b785942c973d299be5069c1d0028b91a31f.png.webp
322,766,https://c.dns-shop.ru/thumb/st4/fit/500/500/36ca6c0df96be46e6e1b596c1612e4e2/98fe80d0a8f745650e978bad8be4a4fffe2a5782fc49717cee54379ae0a261b7.png.webp
323,767,https://c.dns-shop.ru/thumb/st1/fit/500/500/030dd4d32b243992f4df3f568ad4838e/773750c22fba3c80af3f090a2b3632becf21c7064e661e182050206524e1c333.jpg.webp
324,768,https://c.dns-shop.ru/thumb/st4/fit/500/500/126bb2fa5e27912153f3fb71be44299b/fe2d368f2c335588de65821ba9a8ee056c3c10f28aac68197172c42823edf7db.jpg.webp
325,769,https://c.dns-shop.ru/thumb/st1/fit/500/500/c2e1bd8fecce5f1dfed3253ceabfb2af/6bd49c8df6b1f7e82818ef7b2a9c2067cfcbadf8f1e1271f152435beda23b6c1.jpg.webp
326,770,https://c.dns-shop.ru/thumb/st1/fit/500/500/cec968b88df62d48d350c5ddad99cbf1/dc48130a0d693557293ba5d03a89826e4b74445175d158212cc2e16c117e7aaa.jpg.webp
327,771,https://c.dns-shop.ru/thumb/st1/fit/500/500/8a28bf406d884154e623fd262a50d846/1e9dd96caa93899021fdd651e8334fa2424bb0a78eac6616a0dabf538395409c.jpg.webp
328,772,https://c.dns-shop.ru/thumb/st4/fit/500/500/4e077468acb1fd642be6d7ceb83ebbcc/c4e7212b8c4a9ec3fe523100da2de1c9552fa4525ee68dffb9e98a02134d9017.jpg.webp
329,773,https://c.dns-shop.ru/thumb/st4/fit/500/500/17e5e63b7a39690018009955a17cc552/a3b6f357d00b718869003e1d71deb031d23770ad93825e891d231d8bcb41add1.jpg.webp
330,774,https://c.dns-shop.ru/thumb/st4/fit/500/500/11ae981cfe0ba8bffaf96e33f1572839/9cc8cb0e5d713410d5263713d1e543f20bb653f67242602c7df19956f9df36ac.jpg.webp
331,775,https://c.dns-shop.ru/thumb/st4/fit/500/500/0afbfb5d01a6d70d988178da12880c75/df54145489e6fc2a55b73c2de435ce19d1230b69a57bc7c9fed38920e5f97527.jpg.webp
333,777,https://c.dns-shop.ru/thumb/st4/fit/500/500/bbcee7464628a80aab5547b689eb8138/e58ff1e1f31873d9e13decb3198c420a020bb3fc22e3f91332cb5f174769e28e.jpg.webp
334,778,https://c.dns-shop.ru/thumb/st1/fit/500/500/895707d79aa797af32496ffbf33c5dde/5741f6ddf8767447ba9131e817797e534dfee4abef965aad3dbd70dc300aa90f.jpg.webp
337,781,https://c.dns-shop.ru/thumb/st1/fit/500/500/e9fee569db89f0bf5ada2828733eb38c/9a5aed3aabb6849fefd804b3e85480432d2eede9625e2eb322eaadcd08bc9fe1.jpg.webp
339,783,https://c.dns-shop.ru/thumb/st1/fit/500/500/48c30fcd2f926023a2f28e552160cb43/3119244428308f96288b1d36e21e49d80d1eb05ecf3017b9344ae9806e3dfaaa.jpg.webp
340,784,https://c.dns-shop.ru/thumb/st4/fit/500/500/d046ea2d42f44970d32c12ca6e19b35f/23bee9af2a59f97d0e43eb54155f3d80ddd77e4f490a1dae7807aaecf093cfac.jpg.webp
345,789,https://c.dns-shop.ru/thumb/st1/fit/500/500/9240e480a3cd8e0800c6e7349cc02904/67ff1befa736ef947f498e7ac82ab372eb233a95df7a978d336a9874398dd1bd.jpg.webp
346,790,https://c.dns-shop.ru/thumb/st4/fit/500/500/45b9116495601fd024a43c705d134d88/87747192901f92ac43271a31b0972c04b07063461cb73eb558cf9c86cbd1b2f9.jpg.webp
347,791,https://c.dns-shop.ru/thumb/st1/fit/500/500/3773b1544a9166377a67cc023e0e69cc/37d121955c54dc8581556f60da3e6e8d7e06c9c50d4672033ba174121f164876.jpg.webp
348,792,https://c.dns-shop.ru/thumb/st4/fit/500/500/00eef8145e92b864f6e993bcb41578c0/2eb936da05b6a9a179a9d502d37caf0374768ae507d677b9826e8581ece08b66.jpg.webp
349,793,https://c.dns-shop.ru/thumb/st1/fit/500/500/2e7f07adabd7c6138393ecf4af600749/9bcba61437551af67fe37affe00def3bfa2e764f5e474bfec56550ddf5faf1ce.jpg.webp
350,794,https://c.dns-shop.ru/thumb/st4/fit/500/500/56b52786afa67bc384ec69daeca69239/5ca80d0f204201e6f45aac59fb108cf68835301b551b566a46587a3d744f7605.jpg.webp
351,795,https://c.dns-shop.ru/thumb/st4/fit/500/500/45b9116495601fd024a43c705d134d88/87747192901f92ac43271a31b0972c04b07063461cb73eb558cf9c86cbd1b2f9.jpg.webp
354,798,https://c.dns-shop.ru/thumb/st1/fit/500/500/e50b2e1293f2edf775d8bf74da4f5403/da22b26ce146f8373df6bf1d9d283c0175460246e00e80dd7d8e602add0ea5bd.jpg.webp
356,800,https://c.dns-shop.ru/thumb/st4/fit/500/500/fbae23314a7e195335b361c7bafc8ffb/e9c4f83118f3a63233be790c8959dc15cebd7182083a66652b9ea3d33220d8a7.jpg.webp
358,802,https://c.dns-shop.ru/thumb/st1/fit/500/500/929c8e2c06d8e8ba477d3d08e408ad21/782403e3ecc1651e1e36c4f6485b615ad6ae0b276205f46d31fb074c467210ae.jpg.webp
359,803,https://c.dns-shop.ru/thumb/st1/fit/500/500/cb1f9dcc865a3fae6027b94a1ad2e3b9/ff54da94b4661ee4dbda59bdf44dc482a8a76763c3cda7005a04de3867f3a103.jpg.webp
360,804,https://c.dns-shop.ru/thumb/st1/fit/500/500/2d0897459d6ac6440173df2edb9563ce/0790a80b32231a748464f400cd5ead4a3961bc3594dc8ce81c34c3666d3f3971.jpg.webp
363,807,https://c.dns-shop.ru/thumb/st1/fit/500/500/91eb90c7096e737cf4b6c0de4483ff35/034eb24802844a74c8f1a4eadbb859c34975ad874693b6bb894ef3c6c1f9ed79.jpg.webp
369,813,https://c.dns-shop.ru/thumb/st1/fit/500/500/3773b1544a9166377a67cc023e0e69cc/37d121955c54dc8581556f60da3e6e8d7e06c9c50d4672033ba174121f164876.jpg.webp
372,816,https://c.dns-shop.ru/thumb/st1/fit/500/500/3020445766988b7f80e1a514a038dfdc/9ad3953e4f84af1251daac157dfcd33cca160f0bd3231c2a1fd73740513a4a49.jpg.webp